"item_id","title","last_loaned"
"88","1989","2025-05-09"
"28","Toy Story","2025-05-04"
"124","A Deadly Education (Scholomance)","2025-05-04"
"35","Black Panther","2025-05-04"
"25","The Lion King","2025-05-02"
"29","Get Out","2025-04-29"
"44","21","2025-05-12"
"40","The Matrix","2025-04-25"
"120","Black Powder War (Temeraire)","2025-04-20"
"10","A Game of Thrones","2025-04-19"
"27","Jurassic Park","2025-04-19"
"119","Throne of Jade (Temeraire)","2025-04-01"
"117","The Antarctica Conspiracy (Time to Orbit: Unknown)","2025-01-16"
"17","Educated","2025-01-05"
"85","The Javelin Program (Time to Orbit: Unknown)","2024-11-24"
